,TagID,AirportID,isTransit,ArrFlNum,DepFlNum,ArrDateTime,DepDateTime,ArrTerminal,DepartureTerminal,Status
0,50016291,SVO,0,,OA666T,,,,,0
1,50017190,SVO,0,,OA777T,,,,,0
2,50012678,SVO,0,,OA666T,,,,,0
3,50017619,SVO,0,,OA666T,,,,,0
4,50017621,SVO,0,,OA666T,,,,,0
5,50017504,SVO,0,,OA777T,,,,,0
6,50017193,SVO,0,,OA777T,,,,,0
7,50017311,SVO,0,,OA666T,,,,,0
8,50017210,SVO,0,,OA666T,,,,,0
9,50016296,SVO,0,,OA666T,,,,,0
10,50017185,SVO,0,,OA777T,,,,,0
11,50016292,SVO,0,,OA666T,,,,,0
12,50016295,SVO,0,,OA666T,,,,,0
13,50017183,SVO,0,,OA777T,,,,,0
14,50017211,SVO,0,,OA666T,,,,,0
15,50016281,SVO,0,,OA666T,,,,,0
16,50017617,SVO,0,,OA666T,,,,,0
17,50016294,SVO,0,,OA666T,,,,,0
18,50017186,SVO,0,,OA777T,,,,,0
19,50017624,SVO,0,,OA666T,,,,,0
20,50017614,SVO,0,,OA666T,,,,,0
21,50017618,SVO,0,,OA666T,,,,,0
22,50017191,SVO,0,,OA777T,,,,,0
23,50017604,SVO,0,,OA666T,,,,,0
24,50017212,SVO,0,,OA666T,,,,,0
25,50017606,SVO,0,,OA666T,,,,,0
26,50016299,SVO,0,,OA666T,,,,,0
27,50016288,SVO,0,,OA666T,,,,,0
28,578926296,SVO,0,,OA666T,,,,,0
29,50017615,SVO,0,,OA666T,,,,,0
30,50017189,SVO,0,,OA777T,,,,,0
31,50016283,SVO,0,,OA666T,,,,,0
32,50017603,SVO,0,,OA666T,,,,,0
33,50017800,SVO,0,,OA666T,,,,,0
34,50017620,SVO,0,,OA666T,,,,,0
35,50016289,SVO,0,,OA666T,,,,,0
36,50017607,SVO,0,,OA666T,,,,,0
37,50016285,SVO,0,,OA666T,,,,,0
38,50017182,SVO,0,,OA777T,,,,,0
39,50016280,SVO,0,,OA666T,,,,,0
40,50017609,SVO,0,,OA666T,,,,,0
41,50017506,SVO,0,,OA777T,,,,,0
42,50017608,SVO,0,,OA666T,,,,,0
43,50016286,SVO,0,,OA666T,,,,,0
44,50017616,SVO,0,,OA666T,,,,,0
45,50017184,SVO,0,,OA777T,,,,,0
46,50017613,SVO,0,,OA666T,,,,,0
47,50017623,SVO,0,,OA666T,,,,,0
48,50016284,SVO,0,,OA666T,,,,,0
49,50017505,SVO,0,,OA777T,,,,,0
50,50016293,SVO,0,,OA666T,,,,,0
51,50016287,SVO,0,,OA666T,,,,,0
52,50017610,SVO,0,,OA666T,,,,,0
53,12345678,SVO,0,,OA666T,,,,,0
54,50017605,SVO,0,,OA666T,,,,,0
55,50016298,SVO,0,,OA666T,,,,,0
56,50017700,SVO,0,,OA777T,,,,,0
57,555123453,SVO,0,,OA666T,,,,,0
58,50017187,SVO,0,,OA777T,,,,,0
59,50017622,SVO,0,,OA666T,,,,,0
60,50017188,SVO,0,,OA777T,,,,,0
61,50017313,SVO,0,,OA666T,,,,,0
62,50017181,SVO,0,,OA777T,,,,,0
63,50017612,SVO,0,,OA666T,,,,,0
64,50017312,SVO,0,,OA666T,,,,,0
65,50016290,SVO,0,,OA666T,,,,,0
66,50017192,SVO,0,,OA777T,,,,,0
67,50016297,SVO,0,,OA666T,,,,,0
68,50017611,SVO,0,,OA666T,,,,,0
69,8555245002,SVO,0,,SU1512,,23.04.20 01:35:00,,B,0
70,8555244969,SVO,1,SU1011,SU1512,22.04.20 21:20:00,23.04.20 01:35:00,B,B,0
71,8555245022,SVO,0,,SU1512,,23.04.20 01:35:00,,B,0
72,8555245020,SVO,0,,SU1512,,23.04.20 01:35:00,,B,0
73,8555245040,SVO,0,,SU1512,,23.04.20 01:35:00,,B,0
74,8555245005,SVO,0,,SU1512,,23.04.20 01:35:00,,B,0
75,8555245014,SVO,0,,SU1512,,23.04.20 01:35:00,,B,0
76,8555244905,SVO,1,SU1143,SU1512,22.04.20 20:40:00,23.04.20 01:35:00,B,B,0
77,8555245023,SVO,0,,SU1512,,23.04.20 01:35:00,,B,0
78,8555245029,SVO,0,,SU1512,,23.04.20 01:35:00,,B,0
79,8555245001,SVO,0,,SU1512,,23.04.20 01:35:00,,B,0
80,8555244886,SVO,1,SU1175,SU1512,22.04.20 20:30:00,23.04.20 01:35:00,B,B,0
81,8555245007,SVO,0,,SU1512,,23.04.20 01:35:00,,B,0
82,8555245019,SVO,0,,SU1512,,23.04.20 01:35:00,,B,0
83,8555244867,SVO,1,SU23,SU1512,22.04.20 19:00:00,23.04.20 01:35:00,B,B,0
84,8555244999,SVO,0,,SU1512,,23.04.20 01:35:00,,B,0
85,8555244974,SVO,0,,SU1512,,23.04.20 01:35:00,,B,0
86,8555245010,SVO,0,,SU1512,,23.04.20 01:35:00,,B,0
87,8555244952,SVO,1,SU1059,SU1512,22.04.20 21:40:00,23.04.20 01:35:00,B,B,0
88,8555245008,SVO,0,,SU1512,,23.04.20 01:35:00,,B,0
89,8555244853,SVO,0,,SU1512,,23.04.20 01:35:00,,B,0
90,8555245025,SVO,0,,SU1512,,23.04.20 01:35:00,,B,0
91,8555245016,SVO,0,,SU1512,,23.04.20 01:35:00,,B,0
92,8555244814,SVO,1,SU23,SU1512,22.04.20 19:00:00,23.04.20 01:35:00,B,B,0
93,8555244888,SVO,1,SU23,SU1512,22.04.20 19:00:00,23.04.20 01:35:00,B,B,0
94,8555245013,SVO,0,,SU1512,,23.04.20 01:35:00,,B,0
95,8555245017,SVO,0,,SU1512,,23.04.20 01:35:00,,B,0
96,8555245021,SVO,0,,SU1512,,23.04.20 01:35:00,,B,0
97,8555244906,SVO,1,SU1143,SU1512,22.04.20 20:40:00,23.04.20 01:35:00,B,B,0
98,8555245006,SVO,0,,SU1512,,23.04.20 01:35:00,,B,0
99,8555244816,SVO,1,SU1249,SU1512,22.04.20 19:25:00,23.04.20 01:35:00,B,B,0
100,8555245009,SVO,0,,SU1512,,23.04.20 01:35:00,,B,0
101,8555245033,SVO,0,,SU1512,,23.04.20 01:35:00,,B,0
102,8555245015,SVO,0,,SU1512,,23.04.20 01:35:00,,B,0
103,8555245062,SVO,0,,SU1512,,23.04.20 01:35:00,,B,0
104,8555245018,SVO,0,,SU1512,,23.04.20 01:35:00,,B,0
105,8555244826,SVO,1,SU1311,SU1512,22.04.20 19:15:00,23.04.20 01:35:00,B,B,0
106,8555245003,SVO,0,,SU1512,,23.04.20 01:35:00,,B,0
107,8555245004,SVO,0,,SU1512,,23.04.20 01:35:00,,B,0
108,8555244935,SVO,1,SU1059,SU1512,22.04.20 21:40:00,23.04.20 01:35:00,B,B,0
109,8555245011,SVO,0,,SU1512,,23.04.20 01:35:00,,B,0
110,8555245012,SVO,0,,SU1512,,23.04.20 01:35:00,,B,0
111,8555245000,SVO,0,,SU1512,,23.04.20 01:35:00,,B,0
112,8555244971,SVO,1,SU1011,SU1512,22.04.20 21:20:00,23.04.20 01:35:00,B,B,0
113,6555335127,SVO,1,SU1011,SU1320,22.04.20 21:20:00,23.04.20 07:15:00,B,B,0
114,6555335149,SVO,1,SU1059,SU1320,23.04.20 21:40:00,23.04.20 07:15:00,B,B,0
115,6555335122,SVO,1,SU1059,SU1320,22.04.20 21:40:00,23.04.20 07:15:00,B,B,0
116,6555335163,SVO,0,,SU1320,,23.04.20 07:15:00,,B,0
117,6555335164,SVO,0,,SU1320,,23.04.20 07:15:00,,B,0
118,6555335166,SVO,0,,SU1320,,23.04.20 07:15:00,,B,0
119,6555335165,SVO,0,,SU1320,,23.04.20 07:15:00,,B,0
120,6555335114,SVO,1,SU1435,SU1320,22.04.20 20:55:00,23.04.20 07:15:00,B,B,0
121,6555335115,SVO,1,SU1227,SU1320,22.04.20 20:00:00,23.04.20 07:15:00,B,B,0
122,6555335162,SVO,0,,SU1320,,23.04.20 07:15:00,,B,0
123,6555335120,SVO,1,SU1059,SU1320,22.04.20 21:40:00,23.04.20 07:15:00,B,B,0
124,6555335121,SVO,1,SU1059,SU1320,22.04.20 21:40:00,23.04.20 07:15:00,B,B,0
125,6555335167,SVO,0,,SU1320,,23.04.20 07:15:00,,B,0
126,6555335124,SVO,1,SU1059,SU1320,22.04.20 21:40:00,23.04.20 07:15:00,B,B,0
127,6555335168,SVO,0,,SU1320,,23.04.20 07:15:00,,B,0
128,6555335130,SVO,1,SU1059,SU1320,22.04.20 21:40:00,23.04.20 07:15:00,B,B,0
129,6555335151,SVO,0,,SU1320,,23.04.20 07:15:00,,B,0
130,6555335170,SVO,0,,SU1320,,23.04.20 07:15:00,,B,0
131,6555335123,SVO,1,SU1059,SU1320,22.04.20 21:40:00,23.04.20 07:15:00,B,B,0
132,6555335161,SVO,0,,SU1320,,23.04.20 07:15:00,,B,0
133,6555335169,SVO,0,,SU1320,,23.04.20 07:15:00,,B,0
134,6555335117,SVO,1,SU1059,SU1320,22.04.20 21:40:00,23.04.20 07:15:00,B,B,0
135,6555335150,SVO,0,,SU1320,,23.04.20 07:15:00,,B,0
136,6555335116,SVO,1,SU1215,SU1320,22.04.20 20:25:00,23.04.20 07:15:00,B,B,0
137,6555335129,SVO,1,SU1059,SU1320,22.04.20 21:40:00,23.04.20 07:15:00,B,B,0
138,6555335159,SVO,0,,SU1320,,23.04.20 07:15:00,,B,0
139,5555056045,SVO,0,,SU1486,,23.04.20 07:40:00,,B,0
140,5555056043,SVO,0,,SU1486,,23.04.20 07:40:00,,B,0
141,2555054534,SVO,0,,SU1486,,23.04.20 07:40:00,,B,0
142,5555056044,SVO,0,,SU1486,,23.04.20 07:40:00,,B,0
143,5555056054,SVO,0,,SU1486,,23.04.20 07:40:00,,B,0
144,5555055839,SVO,1,SU1059,SU1486,22.04.20 21:40:00,23.04.20 07:40:00,B,B,0
145,5555056098,SVO,0,,SU1486,,23.04.20 07:40:00,,B,0
146,5555056100,SVO,0,,SU1486,,23.04.20 07:40:00,,B,0
147,5555056048,SVO,0,,SU1486,,23.04.20 07:40:00,,B,0
148,5555055835,SVO,1,SU1011,SU1486,22.04.20 21:20:00,23.04.20 07:40:00,B,B,0
149,5555056046,SVO,0,,SU1486,,23.04.20 07:40:00,,B,0
150,5555056076,SVO,0,,SU1486,,23.04.20 07:40:00,,B,0
151,5555056053,SVO,0,,SU1486,,23.04.20 07:40:00,,B,0
152,5555056055,SVO,0,,SU1486,,23.04.20 07:40:00,,B,0
153,5555056041,SVO,0,,SU1486,,23.04.20 07:40:00,,B,0
154,5555056052,SVO,0,,SU1486,,23.04.20 07:40:00,,B,0
155,5555056056,SVO,0,,SU1486,,23.04.20 07:40:00,,B,0
156,5555056013,SVO,0,,SU1486,,23.04.20 07:40:00,,B,0
157,5555056049,SVO,0,,SU1486,,23.04.20 07:40:00,,B,0
158,5555056070,SVO,0,,SU1486,,23.04.20 07:40:00,,B,0
159,5555056062,SVO,1,SU1215,SU1486,23.04.20 20:25:00,23.04.20 07:40:00,B,B,0
160,5555056011,SVO,0,,SU1486,,23.04.20 07:40:00,,B,0
161,5555056047,SVO,0,,SU1486,,23.04.20 07:40:00,,B,0
162,5555056099,SVO,0,,SU1486,,23.04.20 07:40:00,,B,0
163,5555056039,SVO,0,,SU1486,,23.04.20 07:40:00,,B,0
164,5555056035,SVO,0,,SU1486,,23.04.20 07:40:00,,B,0
165,5555056078,SVO,0,,SU1486,,23.04.20 07:40:00,,B,0
166,3555971565,SVO,1,SU1249,SU1138,22.04.20 19:25:00,23.04.20 07:45:00,B,B,0
167,3555971617,SVO,0,,SU1138,,23.04.20 07:45:00,,B,0
168,3555971618,SVO,0,,SU1138,,23.04.20 07:45:00,,B,0
169,3555971619,SVO,0,,SU1138,,23.04.20 07:45:00,,B,0
170,3555971572,SVO,1,SU1435,SU1138,22.04.20 20:55:00,23.04.20 07:45:00,B,B,0
171,3555971616,SVO,0,,SU1138,,23.04.20 07:45:00,,B,0
172,3555971571,SVO,1,SU1435,SU1138,22.04.20 20:55:00,23.04.20 07:45:00,B,B,0
173,3555971610,SVO,0,,SU1138,,23.04.20 07:45:00,,B,0
174,3555971609,SVO,0,,SU1138,,23.04.20 07:45:00,,B,0
175,3555971613,SVO,0,,SU1138,,23.04.20 07:45:00,,B,0
176,3555971566,SVO,1,SU1435,SU1138,22.04.20 20:55:00,23.04.20 07:45:00,B,B,0
177,3555971615,SVO,0,,SU1138,,23.04.20 07:45:00,,B,0
178,5555055979,SVO,1,SU1763,SU10,23.04.20 06:25:00,23.04.20 08:20:00,B,B,0
179,5555056051,SVO,0,,SU10,,23.04.20 08:20:00,,B,0
180,5555055808,SVO,1,SU1175,SU10,22.04.20 20:30:00,23.04.20 08:20:00,B,B,0
181,5555056107,SVO,0,,SU10,,23.04.20 08:20:00,,B,0
182,5555055981,SVO,1,SU1763,SU10,23.04.20 06:25:00,23.04.20 08:20:00,B,B,0
183,9555075579,SVO,0,,SU1500,,23.04.20 08:25:00,,B,0
184,9555075591,SVO,0,,SU1500,,23.04.20 08:25:00,,B,0
185,9555075592,SVO,0,,SU1500,,23.04.20 08:25:00,,B,0
186,9555075295,SVO,1,SU1743,SU1500,22.04.20 12:45:00,23.04.20 08:25:00,B,B,0
187,9555075297,SVO,1,SU1743,SU1500,22.04.20 12:45:00,23.04.20 08:25:00,B,B,0
188,9555075584,SVO,0,,SU1500,,23.04.20 08:25:00,,B,0
189,9555075450,SVO,1,SU23,SU1500,22.04.20 19:00:00,23.04.20 08:25:00,B,B,0
190,9555075581,SVO,0,,SU1500,,23.04.20 08:25:00,,B,0
191,9555075583,SVO,0,,SU1500,,23.04.20 08:25:00,,B,0
192,9555075588,SVO,0,,SU1500,,23.04.20 08:25:00,,B,0
193,9555075572,SVO,0,,SU1500,,23.04.20 08:25:00,,B,0
194,9555075585,SVO,0,,SU1500,,23.04.20 08:25:00,,B,0
195,9555075555,SVO,1,SU1659,SU1500,22.04.20 23:55:00,23.04.20 08:25:00,B,B,0
196,9555075578,SVO,0,,SU1500,,23.04.20 08:25:00,,B,0
197,9555075587,SVO,0,,SU1500,,23.04.20 08:25:00,,B,0
198,9555075595,SVO,1,SU23,SU1500,23.04.20 19:00:00,23.04.20 08:25:00,B,B,0
199,9555075381,SVO,1,SU1621,SU1500,22.04.20 15:30:00,23.04.20 08:25:00,B,B,0
200,9555075582,SVO,0,,SU1500,,23.04.20 08:25:00,,B,0
201,9555075589,SVO,0,,SU1500,,23.04.20 08:25:00,,B,0
202,9555075580,SVO,0,,SU1500,,23.04.20 08:25:00,,B,0
203,9555075586,SVO,0,,SU1500,,23.04.20 08:25:00,,B,0
204,9555075590,SVO,0,,SU1500,,23.04.20 08:25:00,,B,0
205,9555075568,SVO,0,,SU1500,,23.04.20 08:25:00,,B,0
206,9555075298,SVO,1,SU1743,SU1500,22.04.20 12:45:00,23.04.20 08:25:00,B,B,0
207,8555245322,SVO,0,,SU1620,,23.04.20 09:15:00,,B,0
208,8555245321,SVO,0,,SU1620,,23.04.20 09:15:00,,B,0
209,8555245315,SVO,0,,SU1620,,23.04.20 09:15:00,,B,0
210,8555245288,SVO,0,,SU1620,,23.04.20 09:15:00,,B,0
211,8555245293,SVO,0,,SU1620,,23.04.20 09:15:00,,B,0
212,8555245308,SVO,0,,SU1620,,23.04.20 09:15:00,,B,0
213,8555245294,SVO,0,,SU1620,,23.04.20 09:15:00,,B,0
214,8555245320,SVO,0,,SU1620,,23.04.20 09:15:00,,B,0
215,8555245319,SVO,0,,SU1620,,23.04.20 09:15:00,,B,0
216,8555245282,SVO,0,,SU1620,,23.04.20 09:15:00,,B,0
217,8555244858,SVO,1,SU1249,SU1620,22.04.20 19:25:00,23.04.20 09:15:00,B,B,0
218,8555245310,SVO,0,,SU1620,,23.04.20 09:15:00,,B,0
219,8555245314,SVO,0,,SU1620,,23.04.20 09:15:00,,B,0
220,8555245281,SVO,0,,SU1620,,23.04.20 09:15:00,,B,0
221,8555245317,SVO,0,,SU1620,,23.04.20 09:15:00,,B,0
222,8555245307,SVO,0,,SU1620,,23.04.20 09:15:00,,B,0
223,8555245316,SVO,0,,SU1620,,23.04.20 09:15:00,,B,0
224,8555245313,SVO,0,,SU1620,,23.04.20 09:15:00,,B,0
225,8555245312,SVO,0,,SU1620,,23.04.20 09:15:00,,B,0
226,8555245309,SVO,0,,SU1620,,23.04.20 09:15:00,,B,0
227,8555245318,SVO,0,,SU1620,,23.04.20 09:15:00,,B,0
228,8555245306,SVO,0,,SU1620,,23.04.20 09:15:00,,B,0
229,8555245300,SVO,0,,SU1620,,23.04.20 09:15:00,,B,0
230,8555245183,SVO,0,,SU1620,,23.04.20 09:15:00,,B,0
231,8555245303,SVO,0,,SU1620,,23.04.20 09:15:00,,B,0
232,8555245311,SVO,0,,SU1620,,23.04.20 09:15:00,,B,0
233,5555056143,SVO,0,,SU1100,,23.04.20 09:30:00,,B,0
234,5555055550,SVO,1,FV6290,SU1100,22.04.20 14:10:00,23.04.20 09:30:00,B,B,0
235,5555055556,SVO,1,SU1703,SU1100,22.04.20 15:50:00,23.04.20 09:30:00,B,B,0
236,5555056127,SVO,0,,SU1100,,23.04.20 09:30:00,,B,0
237,5555056132,SVO,0,,SU1100,,23.04.20 09:30:00,,B,0
238,5555055558,SVO,1,SU1703,SU1100,22.04.20 15:50:00,23.04.20 09:30:00,B,B,0
239,5555056077,SVO,0,,SU1100,,23.04.20 09:30:00,,B,0
240,5555055546,SVO,1,FV6290,SU1100,22.04.20 14:10:00,23.04.20 09:30:00,B,B,0
241,5555056073,SVO,0,,SU1100,,23.04.20 09:30:00,,B,0
242,5555055547,SVO,1,FV6290,SU1100,22.04.20 14:10:00,23.04.20 09:30:00,B,B,0
243,5555056074,SVO,0,,SU1100,,23.04.20 09:30:00,,B,0
244,5555055548,SVO,1,FV6290,SU1100,22.04.20 14:10:00,23.04.20 09:30:00,B,B,0
245,5555055817,SVO,1,SU1435,SU1100,22.04.20 20:55:00,23.04.20 09:30:00,B,B,0
246,5555056115,SVO,0,,SU1100,,23.04.20 09:30:00,,B,0
247,5555055802,SVO,1,SU1249,SU1100,22.04.20 19:25:00,23.04.20 09:30:00,B,B,0
248,5555056069,SVO,0,,SU1100,,23.04.20 09:30:00,,B,0
249,5555056123,SVO,0,,SU1100,,23.04.20 09:30:00,,B,0
250,5555055862,SVO,1,SU1011,SU1100,22.04.20 21:20:00,23.04.20 09:30:00,B,B,0
251,5555056004,SVO,1,SU1763,SU1100,23.04.20 06:25:00,23.04.20 09:30:00,B,B,0
252,5555056126,SVO,0,,SU1100,,23.04.20 09:30:00,,B,0
253,5555056072,SVO,0,,SU1100,,23.04.20 09:30:00,,B,0
254,5555056128,SVO,0,,SU1100,,23.04.20 09:30:00,,B,0
255,5555056125,SVO,0,,SU1100,,23.04.20 09:30:00,,B,0
256,5555056038,SVO,0,,SU1100,,23.04.20 09:30:00,,B,0
257,5555055816,SVO,1,SU1435,SU1100,22.04.20 20:55:00,23.04.20 09:30:00,B,B,0
258,5555055549,SVO,1,FV6290,SU1100,22.04.20 14:10:00,23.04.20 09:30:00,B,B,0
259,5555055861,SVO,1,SU1011,SU1100,22.04.20 21:20:00,23.04.20 09:30:00,B,B,0
260,5555056120,SVO,0,,SU12,,23.04.20 09:40:00,,B,0
261,5555056148,SVO,0,,SU12,,23.04.20 09:40:00,,B,0
262,5555056032,SVO,1,SU1407,SU12,23.04.20 07:30:00,23.04.20 09:40:00,B,B,0
263,5555056112,SVO,0,,SU12,,23.04.20 09:40:00,,B,0
264,5555056094,SVO,0,,SU12,,23.04.20 09:40:00,,B,0
265,5555056033,SVO,1,SU1407,SU12,23.04.20 07:30:00,23.04.20 09:40:00,B,B,0
266,5555055812,SVO,1,SU1175,SU12,22.04.20 20:30:00,23.04.20 09:40:00,B,B,0
267,5555056122,SVO,0,,SU12,,23.04.20 09:40:00,,B,0
268,5555056124,SVO,0,,SU12,,23.04.20 09:40:00,,B,0
269,5555056113,SVO,0,,SU12,,23.04.20 09:40:00,,B,0
270,6555335216,SVO,0,,SU12,,23.04.20 09:40:00,,B,0
271,5555056121,SVO,0,,SU12,,23.04.20 09:40:00,,B,0
272,5555056095,SVO,0,,SU12,,23.04.20 09:40:00,,B,0
273,9555075575,SVO,1,SU1407,SU1758,23.04.20 07:30:00,23.04.20 10:00:00,B,B,0
274,9555075577,SVO,1,SU1407,SU1758,23.04.20 07:30:00,23.04.20 10:00:00,B,B,0
275,9555075597,SVO,0,,SU1758,,23.04.20 10:00:00,,B,0
276,9555075510,SVO,1,SU1059,SU1758,22.04.20 21:40:00,23.04.20 10:00:00,B,B,0
277,9555075601,SVO,0,,SU1758,,23.04.20 10:00:00,,B,0
278,9555075565,SVO,1,SU1763,SU1758,23.04.20 06:25:00,23.04.20 10:00:00,B,B,0
279,9555075594,SVO,0,,SU1758,,23.04.20 10:00:00,,B,0
280,9555075599,SVO,0,,SU1758,,23.04.20 10:00:00,,B,0
281,9555075569,SVO,1,SU1407,SU1758,23.04.20 07:30:00,23.04.20 10:00:00,B,B,0
282,9555075596,SVO,0,,SU1758,,23.04.20 10:00:00,,B,0
283,9555075576,SVO,1,SU1407,SU1758,23.04.20 07:30:00,23.04.20 10:00:00,B,B,0
284,9555075570,SVO,1,SU1407,SU1758,23.04.20 07:30:00,23.04.20 10:00:00,B,B,0
285,9555075571,SVO,1,SU1407,SU1758,23.04.20 07:30:00,23.04.20 10:00:00,B,B,0
286,9555075564,SVO,1,SU1763,SU1758,23.04.20 06:25:00,23.04.20 10:00:00,B,B,0
287,9555075508,SVO,1,SU1011,SU1758,22.04.20 21:20:00,23.04.20 10:00:00,B,B,0
288,5555056114,SVO,0,,SU1002,,23.04.20 10:10:00,,B,0
289,5555056137,SVO,0,,SU1002,,23.04.20 10:10:00,,B,0
290,5555055845,SVO,1,SU1059,SU1002,22.04.20 21:40:00,23.04.20 10:10:00,B,B,0
291,5555056168,SVO,0,,SU1002,,23.04.20 10:10:00,,B,0
292,5555056146,SVO,0,,SU1002,,23.04.20 10:10:00,,B,0
293,5555056131,SVO,0,,SU1002,,23.04.20 10:10:00,,B,0
294,5555056136,SVO,0,,SU1002,,23.04.20 10:10:00,,B,0
295,5555056142,SVO,0,,SU1002,,23.04.20 10:10:00,,B,0
296,5555056140,SVO,0,,SU1002,,23.04.20 10:10:00,,B,0
297,5555055539,SVO,1,SU1703,SU1002,22.04.20 15:50:00,23.04.20 10:10:00,B,B,0
298,5555055813,SVO,1,SU1435,SU1002,22.04.20 20:55:00,23.04.20 10:10:00,B,B,0
299,5555056145,SVO,0,,SU1002,,23.04.20 10:10:00,,B,0
300,5555056141,SVO,0,,SU1002,,23.04.20 10:10:00,,B,0
301,5555056130,SVO,0,,SU1002,,23.04.20 10:10:00,,B,0
302,5555056147,SVO,0,,SU1002,,23.04.20 10:10:00,,B,0
303,5555056169,SVO,0,,SU1002,,23.04.20 10:10:00,,B,0
304,5555056139,SVO,0,,SU1002,,23.04.20 10:10:00,,B,0
305,5555056071,SVO,0,,SU1002,,23.04.20 10:10:00,,B,0
306,5555056129,SVO,0,,SU1002,,23.04.20 10:10:00,,B,0
307,5555056195,SVO,0,,SU1276,,23.04.20 11:05:00,,B,0
308,5555056149,SVO,0,,SU1276,,23.04.20 11:05:00,,B,0
309,5555056116,SVO,0,,SU1276,,23.04.20 11:05:00,,B,0
310,5555056138,SVO,0,,SU1276,,23.04.20 11:05:00,,B,0
311,5555056150,SVO,0,,SU1276,,23.04.20 11:05:00,,B,0
312,5555056050,SVO,0,,SU1276,,23.04.20 11:05:00,,B,0
313,5555056212,SVO,1,SU1743,SU1276,23.04.20 12:45:00,23.04.20 11:05:00,B,B,0
314,5555056042,SVO,1,SU1513,SU1276,23.04.20 09:30:00,23.04.20 11:05:00,B,B,0
315,5555056118,SVO,0,,SU1276,,23.04.20 11:05:00,,B,0
316,5555056170,SVO,0,,SU1276,,23.04.20 11:05:00,,B,0
317,5555056119,SVO,0,,SU1276,,23.04.20 11:05:00,,B,0
318,5555055538,SVO,1,SU1703,SU1276,22.04.20 15:50:00,23.04.20 11:05:00,B,B,0
319,5555056117,SVO,0,,SU1276,,23.04.20 11:05:00,,B,0
320,8555245194,SVO,1,SU1513,SU1622,23.04.20 09:30:00,23.04.20 11:45:00,B,B,0
321,8555245339,SVO,0,,SU1622,,23.04.20 11:45:00,,B,0
322,8555245438,SVO,0,,SU1622,,23.04.20 11:45:00,,B,0
323,8555245407,SVO,0,,SU1622,,23.04.20 11:45:00,,B,0
324,8555245373,SVO,0,,SU1622,,23.04.20 11:45:00,,B,0
325,8555245190,SVO,1,SU1513,SU1622,23.04.20 09:30:00,23.04.20 11:45:00,B,B,0
326,8555245372,SVO,0,,SU1622,,23.04.20 11:45:00,,B,0
327,8555245374,SVO,0,,SU1622,,23.04.20 11:45:00,,B,0
328,8555245437,SVO,0,,SU1622,,23.04.20 11:45:00,,B,0
329,8555245377,SVO,0,,SU1622,,23.04.20 11:45:00,,B,0
330,8555245403,SVO,0,,SU1622,,23.04.20 11:45:00,,B,0
331,8555245323,SVO,0,,SU1622,,23.04.20 11:45:00,,B,0
332,8555245214,SVO,1,SU1513,SU1622,23.04.20 09:30:00,23.04.20 11:45:00,B,B,0
333,8555245365,SVO,0,,SU1622,,23.04.20 11:45:00,,B,0
334,8555245391,SVO,0,,SU1622,,23.04.20 11:45:00,,B,0
335,8555245439,SVO,0,,SU1622,,23.04.20 11:45:00,,B,0
336,7555512327,SVO,0,,SU1392,,23.04.20 12:50:00,,B,0
337,7555512317,SVO,0,,SU1392,,23.04.20 12:50:00,,B,0
338,7555512219,SVO,1,SU1125,SU1392,22.04.20 20:10:00,23.04.20 12:50:00,B,B,0
339,7555512273,SVO,1,SU31,SU1392,23.04.20 09:55:00,23.04.20 12:50:00,B,B,0
340,7555512315,SVO,0,,SU1392,,23.04.20 12:50:00,,B,0
341,7555512355,SVO,0,,SU1392,,23.04.20 12:50:00,,B,0
342,7555512332,SVO,0,,SU1392,,23.04.20 12:50:00,,B,0
343,7555512352,SVO,0,,SU1392,,23.04.20 12:50:00,,B,0
344,7555512353,SVO,0,,SU1392,,23.04.20 12:50:00,,B,0
345,7555512354,SVO,0,,SU1392,,23.04.20 12:50:00,,B,0
346,7555512320,SVO,0,,SU1392,,23.04.20 12:50:00,,B,0
347,7555512296,SVO,0,,SU1392,,23.04.20 12:50:00,,B,0
348,7555512334,SVO,0,,SU1392,,23.04.20 12:50:00,,B,0
349,6555335269,SVO,0,,SU1310,,23.04.20 13:00:00,,B,0
350,6555335256,SVO,0,,SU1310,,23.04.20 13:00:00,,B,0
351,6555335276,SVO,0,,SU1310,,23.04.20 13:00:00,,B,0
352,6555335261,SVO,0,,SU1310,,23.04.20 13:00:00,,B,0
353,6555335267,SVO,0,,SU1310,,23.04.20 13:00:00,,B,0
354,6555335278,SVO,0,,SU1310,,23.04.20 13:00:00,,B,0
355,6555335242,SVO,0,,SU1310,,23.04.20 13:00:00,,B,0
356,6555335264,SVO,0,,SU1310,,23.04.20 13:00:00,,B,0
357,6555335265,SVO,0,,SU1310,,23.04.20 13:00:00,,B,0
358,6555335260,SVO,0,,SU1310,,23.04.20 13:00:00,,B,0
359,6555335266,SVO,0,,SU1310,,23.04.20 13:00:00,,B,0
360,6555335257,SVO,0,,SU1310,,23.04.20 13:00:00,,B,0
361,6555335248,SVO,0,,SU1310,,23.04.20 13:00:00,,B,0
362,6555335263,SVO,0,,SU1310,,23.04.20 13:00:00,,B,0
363,6555335255,SVO,0,,SU1310,,23.04.20 13:00:00,,B,0
364,6555335160,SVO,1,SU1513,SU1310,23.04.20 09:30:00,23.04.20 13:00:00,B,B,0
365,6555335244,SVO,0,,SU1310,,23.04.20 13:00:00,,B,0
366,6555335241,SVO,0,,SU1310,,23.04.20 13:00:00,,B,0
367,6555335279,SVO,0,,SU1310,,23.04.20 13:00:00,,B,0
368,6555335268,SVO,0,,SU1310,,23.04.20 13:00:00,,B,0
369,6555335258,SVO,0,,SU1310,,23.04.20 13:00:00,,B,0
370,6555335262,SVO,0,,SU1310,,23.04.20 13:00:00,,B,0
371,6555335158,SVO,1,SU1513,SU1310,23.04.20 09:30:00,23.04.20 13:00:00,B,B,0
372,6555335270,SVO,0,,SU1310,,23.04.20 13:00:00,,B,0
373,6555335195,SVO,1,SU31,SU1310,23.04.20 09:55:00,23.04.20 13:00:00,B,B,0
374,6555335220,SVO,0,,SU1310,,23.04.20 13:00:00,,B,0
375,6555335259,SVO,0,,SU1310,,23.04.20 13:00:00,,B,0
376,3555971665,SVO,0,,SU1422,,23.04.20 14:00:00,,B,0
377,3555971661,SVO,0,,SU1422,,23.04.20 14:00:00,,B,0
378,3555971648,SVO,0,,SU1422,,23.04.20 14:00:00,,B,0
379,3555971632,SVO,1,SU1321,SU1422,23.04.20 12:55:00,23.04.20 14:00:00,B,B,0
380,3555971654,SVO,0,,SU1422,,23.04.20 14:00:00,,B,0
381,3555971663,SVO,0,,SU1422,,23.04.20 14:00:00,,B,0
382,3555971656,SVO,0,,SU1422,,23.04.20 14:00:00,,B,0
383,3555971629,SVO,0,,SU1422,,23.04.20 14:00:00,,B,0
384,3555971631,SVO,1,SU11,SU1422,23.04.20 12:00:00,23.04.20 14:00:00,B,B,0
385,3555971630,SVO,1,SU11,SU1422,23.04.20 12:00:00,23.04.20 14:00:00,B,B,0
386,3555971653,SVO,0,,SU1422,,23.04.20 14:00:00,,B,0
387,3555971644,SVO,0,,SU1422,,23.04.20 14:00:00,,B,0
388,3555971604,SVO,1,SU1743,SU1422,23.04.20 12:45:00,23.04.20 14:00:00,B,B,0
389,3555971655,SVO,0,,SU1422,,23.04.20 14:00:00,,B,0
390,3555971650,SVO,0,,SU1422,,23.04.20 14:00:00,,B,0
391,3555971647,SVO,0,,SU1422,,23.04.20 14:00:00,,B,0
392,3555971660,SVO,0,,SU1422,,23.04.20 14:00:00,,B,0
393,3555971662,SVO,0,,SU1422,,23.04.20 14:00:00,,B,0
394,3555971651,SVO,0,,SU1422,,23.04.20 14:00:00,,B,0
395,3555971642,SVO,1,SU1321,SU1422,23.04.20 12:55:00,23.04.20 14:00:00,B,B,0
396,3555971664,SVO,0,,SU1422,,23.04.20 14:00:00,,B,0
397,3555971649,SVO,0,,SU1422,,23.04.20 14:00:00,,B,0
398,3555971652,SVO,0,,SU1422,,23.04.20 14:00:00,,B,0
399,3555971666,SVO,0,,SU1422,,23.04.20 14:00:00,,B,0
400,9555075609,SVO,1,SU1321,SU1232,23.04.20 12:55:00,23.04.20 14:20:00,B,B,0
401,9555075643,SVO,0,,SU1232,,23.04.20 14:20:00,,B,0
402,9555075608,SVO,1,SU1321,SU1232,23.04.20 12:55:00,23.04.20 14:20:00,B,B,0
403,9555075611,SVO,1,SU11,SU1232,23.04.20 12:00:00,23.04.20 14:20:00,B,B,0
404,9555075567,SVO,1,SU1743,SU1232,23.04.20 12:45:00,23.04.20 14:20:00,B,B,0
405,9555075566,SVO,1,SU1743,SU1232,23.04.20 12:45:00,23.04.20 14:20:00,B,B,0
406,9555075640,SVO,0,,SU1232,,23.04.20 14:20:00,,B,0
407,9555075630,SVO,0,,SU1232,,23.04.20 14:20:00,,B,0
408,9555075627,SVO,0,,SU1232,,23.04.20 14:20:00,,B,0
409,9555075628,SVO,0,,SU1232,,23.04.20 14:20:00,,B,0
410,9555075610,SVO,1,SU11,SU1232,23.04.20 12:00:00,23.04.20 14:20:00,B,B,0
411,9555075657,SVO,0,,SU1232,,23.04.20 14:20:00,,B,0
412,9555075606,SVO,1,SU1321,SU1232,23.04.20 12:55:00,23.04.20 14:20:00,B,B,0
413,9555075604,SVO,1,SU1321,SU1232,23.04.20 12:55:00,23.04.20 14:20:00,B,B,0
414,9555075607,SVO,1,SU1321,SU1232,23.04.20 12:55:00,23.04.20 14:20:00,B,B,0
415,9555075639,SVO,0,,SU1232,,23.04.20 14:20:00,,B,0
416,9555075642,SVO,0,,SU1232,,23.04.20 14:20:00,,B,0
417,9555075653,SVO,0,,SU1232,,23.04.20 14:20:00,,B,0
418,9555075649,SVO,0,,SU1232,,23.04.20 14:20:00,,B,0
419,9555075626,SVO,0,,SU1232,,23.04.20 14:20:00,,B,0
420,9555075656,SVO,0,,SU1232,,23.04.20 14:20:00,,B,0
421,9555075631,SVO,0,,SU1232,,23.04.20 14:20:00,,B,0
422,9555075637,SVO,0,,SU1232,,23.04.20 14:20:00,,B,0
423,9555075648,SVO,0,,SU1232,,23.04.20 14:20:00,,B,0
424,9555075603,SVO,1,SU1321,SU1232,23.04.20 12:55:00,23.04.20 14:20:00,B,B,0
425,9555075638,SVO,0,,SU1232,,23.04.20 14:20:00,,B,0
426,9555075647,SVO,0,,SU1232,,23.04.20 14:20:00,,B,0
427,9555075641,SVO,0,,SU1232,,23.04.20 14:20:00,,B,0
428,3555971657,SVO,0,,SU1174,,23.04.20 14:50:00,,B,0
429,3555971607,SVO,1,SU1513,SU1174,23.04.20 09:30:00,23.04.20 14:50:00,B,B,0
430,3555971669,SVO,0,,SU1174,,23.04.20 14:50:00,,B,0
431,3555971667,SVO,0,,SU1174,,23.04.20 14:50:00,,B,0
432,3555971602,SVO,1,SU1743,SU1174,23.04.20 12:45:00,23.04.20 14:50:00,B,B,0
433,3555971670,SVO,0,,SU1174,,23.04.20 14:50:00,,B,0
434,3555971603,SVO,1,SU1743,SU1174,23.04.20 12:45:00,23.04.20 14:50:00,B,B,0
435,3555971562,SVO,1,SU1205,SU1174,22.04.20 18:30:00,23.04.20 14:50:00,B,B,0
436,3555971638,SVO,1,SU1321,SU1174,23.04.20 12:55:00,23.04.20 14:50:00,B,B,0
437,3555971658,SVO,1,SU1205,SU1174,23.04.20 18:30:00,23.04.20 14:50:00,B,B,0
438,3555971608,SVO,1,SU1513,SU1174,23.04.20 09:30:00,23.04.20 14:50:00,B,B,0
439,3555971646,SVO,1,SU13,SU1174,23.04.20 13:25:00,23.04.20 14:50:00,B,B,0
440,6555335310,SVO,0,,SU1058,,23.04.20 15:00:00,,B,0
441,6555335297,SVO,0,,SU1058,,23.04.20 15:00:00,,B,0
442,6555335293,SVO,0,,SU1058,,23.04.20 15:00:00,,B,0
443,6555335309,SVO,0,,SU1058,,23.04.20 15:00:00,,B,0
444,6555335232,SVO,1,SU11,SU1058,23.04.20 12:00:00,23.04.20 15:00:00,B,B,0
445,6555335153,SVO,1,SU1731,SU1058,23.04.20 12:40:00,23.04.20 15:00:00,B,B,0
446,6555335307,SVO,0,,SU1058,,23.04.20 15:00:00,,B,0
447,6555335282,SVO,0,,SU1058,,23.04.20 15:00:00,,B,0
448,6555335155,SVO,1,SU1731,SU1058,23.04.20 12:40:00,23.04.20 15:00:00,B,B,0
449,6555335305,SVO,0,,SU1058,,23.04.20 15:00:00,,B,0
450,6555335290,SVO,0,,SU1058,,23.04.20 15:00:00,,B,0
451,6555335286,SVO,0,,SU1058,,23.04.20 15:00:00,,B,0
452,6555335311,SVO,0,,SU1058,,23.04.20 15:00:00,,B,0
453,6555335291,SVO,0,,SU1058,,23.04.20 15:00:00,,B,0
454,6555335221,SVO,1,SU1321,SU1058,23.04.20 12:55:00,23.04.20 15:00:00,B,B,0
455,6555335246,SVO,1,SU13,SU1058,23.04.20 13:25:00,23.04.20 15:00:00,B,B,0
456,6555335156,SVO,1,SU1731,SU1058,23.04.20 12:40:00,23.04.20 15:00:00,B,B,0
457,6555335251,SVO,1,SU13,SU1058,23.04.20 13:25:00,23.04.20 15:00:00,B,B,0
458,6555335298,SVO,0,,SU1058,,23.04.20 15:00:00,,B,0
459,6555335157,SVO,1,SU1731,SU1058,23.04.20 12:40:00,23.04.20 15:00:00,B,B,0
460,6555335154,SVO,1,SU1731,SU1058,23.04.20 12:40:00,23.04.20 15:00:00,B,B,0
461,6555335304,SVO,0,,SU1058,,23.04.20 15:00:00,,B,0
462,6555335252,SVO,1,SU13,SU1058,23.04.20 13:25:00,23.04.20 15:00:00,B,B,0
463,6555335289,SVO,0,,SU1058,,23.04.20 15:00:00,,B,0
464,6555335296,SVO,0,,SU1058,,23.04.20 15:00:00,,B,0
465,6555335285,SVO,0,,SU1058,,23.04.20 15:00:00,,B,0
466,8555245328,SVO,1,SU1321,SU1058,23.04.20 12:55:00,23.04.20 15:00:00,B,B,0
467,6555335283,SVO,0,,SU1058,,23.04.20 15:00:00,,B,0
468,6555335294,SVO,0,,SU1058,,23.04.20 15:00:00,,B,0
469,6555335299,SVO,0,,SU1058,,23.04.20 15:00:00,,B,0
470,6555335253,SVO,1,SU13,SU1058,23.04.20 13:25:00,23.04.20 15:00:00,B,B,0
471,6555335292,SVO,0,,SU1058,,23.04.20 15:00:00,,B,0
472,6555335152,SVO,1,SU1731,SU1058,23.04.20 12:40:00,23.04.20 15:00:00,B,B,0
473,6555335245,SVO,0,,SU1058,,23.04.20 15:00:00,,B,0
474,6555335295,SVO,0,,SU1058,,23.04.20 15:00:00,,B,0
475,6555335284,SVO,0,,SU1058,,23.04.20 15:00:00,,B,0
476,6555335308,SVO,0,,SU1058,,23.04.20 15:00:00,,B,0
477,6555335229,SVO,1,SU11,SU1058,23.04.20 12:00:00,23.04.20 15:00:00,B,B,0
478,5555056280,SVO,0,,SU22,,23.04.20 15:20:00,,B,0
479,5555055974,SVO,1,SU1711,SU22,23.04.20 10:35:00,23.04.20 15:20:00,B,B,0
480,5555056037,SVO,1,SU1513,SU22,23.04.20 09:30:00,23.04.20 15:20:00,B,B,0
481,5555056024,SVO,1,SU1731,SU22,23.04.20 12:40:00,23.04.20 15:20:00,B,B,0
482,5555056027,SVO,1,SU1731,SU22,23.04.20 12:40:00,23.04.20 15:20:00,B,B,0
483,5555056285,SVO,0,,SU22,,23.04.20 15:20:00,,B,0
484,5555055973,SVO,1,SU1711,SU22,23.04.20 10:35:00,23.04.20 15:20:00,B,B,0
485,5555056036,SVO,1,SU1513,SU22,23.04.20 09:30:00,23.04.20 15:20:00,B,B,0
486,5555056023,SVO,1,SU1743,SU22,23.04.20 12:45:00,23.04.20 15:20:00,B,B,0
487,5555056003,SVO,1,SU1711,SU22,23.04.20 10:35:00,23.04.20 15:20:00,B,B,0
488,3555971668,SVO,0,,SU22,,23.04.20 15:20:00,,B,0
489,2555909802,SVO,0,,SU22,,23.04.20 15:20:00,,B,0
490,5555056316,SVO,0,,SU22,,23.04.20 15:20:00,,B,0
491,5555055989,SVO,1,SU1711,SU22,23.04.20 10:35:00,23.04.20 15:20:00,B,B,0
492,5555056328,SVO,0,,SU22,,23.04.20 15:20:00,,B,0
493,5555055975,SVO,1,SU1711,SU22,23.04.20 10:35:00,23.04.20 15:20:00,B,B,0
494,5555056029,SVO,1,SU1743,SU22,23.04.20 12:45:00,23.04.20 15:20:00,B,B,0
495,5555056028,SVO,1,SU1731,SU22,23.04.20 12:40:00,23.04.20 15:20:00,B,B,0
496,5555055969,SVO,0,,SU22,,23.04.20 15:20:00,,B,0
497,5555055996,SVO,1,SU1711,SU22,23.04.20 10:35:00,23.04.20 15:20:00,B,B,0
498,3555971641,SVO,0,,SU22,,23.04.20 15:20:00,,B,0
499,5555056344,SVO,0,,SU22,,23.04.20 15:20:00,,B,0
500,5555056021,SVO,1,SU1731,SU22,23.04.20 12:40:00,23.04.20 15:20:00,B,B,0
501,5555055976,SVO,1,SU1711,SU22,23.04.20 10:35:00,23.04.20 15:20:00,B,B,0
502,5555056329,SVO,0,,SU22,,23.04.20 15:20:00,,B,0
503,3555971640,SVO,0,,SU22,,23.04.20 15:20:00,,B,0
504,5555056022,SVO,1,SU1743,SU22,23.04.20 12:45:00,23.04.20 15:20:00,B,B,0
505,5555055990,SVO,1,SU1711,SU22,23.04.20 10:35:00,23.04.20 15:20:00,B,B,0
506,5555056373,SVO,0,,SU22,,23.04.20 15:20:00,,B,0
507,4555124327,SVO,1,SU1621,SU1226,23.04.20 15:30:00,23.04.20 16:30:00,B,B,0
508,4555124321,SVO,1,SU11,SU1226,23.04.20 12:00:00,23.04.20 16:30:00,B,B,0
509,4555124323,SVO,1,SU1139,SU1226,23.04.20 13:50:00,23.04.20 16:30:00,B,B,0
510,4555124339,SVO,0,,SU1226,,23.04.20 16:30:00,,B,0
511,4555124325,SVO,1,SU1321,SU1226,23.04.20 12:55:00,23.04.20 16:30:00,B,B,0
512,5555056165,SVO,1,SU1321,SU1010,23.04.20 12:55:00,23.04.20 16:35:00,B,B,0
513,5555056007,SVO,1,SU1743,SU1010,23.04.20 12:45:00,23.04.20 16:35:00,B,B,0
514,5555056161,SVO,1,SU1321,SU1010,23.04.20 12:55:00,23.04.20 16:35:00,B,B,0
515,5555056332,SVO,0,,SU1010,,23.04.20 16:35:00,,B,0
516,5555056388,SVO,0,,SU1010,,23.04.20 16:35:00,,B,0
517,5555056378,SVO,0,,SU1010,,23.04.20 16:35:00,,B,0
518,5555056384,SVO,0,,SU1010,,23.04.20 16:35:00,,B,0
519,5555056334,SVO,0,,SU1010,,23.04.20 16:35:00,,B,0
520,5555056026,SVO,1,SU1731,SU1010,23.04.20 12:40:00,23.04.20 16:35:00,B,B,0
521,5555056377,SVO,0,,SU1010,,23.04.20 16:35:00,,B,0
522,5555056312,SVO,0,,SU1010,,23.04.20 16:35:00,,B,0
523,5555056030,SVO,1,SU1731,SU1010,23.04.20 12:40:00,23.04.20 16:35:00,B,B,0
524,5555055971,SVO,1,SU1711,SU1010,23.04.20 10:35:00,23.04.20 16:35:00,B,B,0
525,5555056167,SVO,1,SU1321,SU1010,23.04.20 12:55:00,23.04.20 16:35:00,B,B,0
526,5555056016,SVO,1,SU1731,SU1010,23.04.20 12:40:00,23.04.20 16:35:00,B,B,0
527,5555056374,SVO,0,,SU1010,,23.04.20 16:35:00,,B,0
528,5555056163,SVO,1,SU1321,SU1010,23.04.20 12:55:00,23.04.20 16:35:00,B,B,0
529,5555056347,SVO,0,,SU1010,,23.04.20 16:35:00,,B,0
530,5555056393,SVO,0,,SU1010,,23.04.20 16:35:00,,B,0
531,5555056432,SVO,0,,SU1010,,23.04.20 16:35:00,,B,0
532,5555056395,SVO,0,,SU1010,,23.04.20 16:35:00,,B,0
533,5555056392,SVO,0,,SU1010,,23.04.20 16:35:00,,B,0
534,5555056401,SVO,0,,SU1010,,23.04.20 16:35:00,,B,0
535,5555056015,SVO,1,SU1731,SU1010,23.04.20 12:40:00,23.04.20 16:35:00,B,B,0
536,5555056031,SVO,1,SU1731,SU1010,23.04.20 12:40:00,23.04.20 16:35:00,B,B,0
537,5555056375,SVO,0,,SU1010,,23.04.20 16:35:00,,B,0
538,5555056187,SVO,1,SU1321,SU1010,23.04.20 12:55:00,23.04.20 16:35:00,B,B,0
539,5555056014,SVO,1,SU1731,SU1010,23.04.20 12:40:00,23.04.20 16:35:00,B,B,0
540,5555056025,SVO,1,SU1731,SU1010,23.04.20 12:40:00,23.04.20 16:35:00,B,B,0
541,5555056166,SVO,1,SU1321,SU1010,23.04.20 12:55:00,23.04.20 16:35:00,B,B,0
542,5555056252,SVO,1,SU1621,SU1010,23.04.20 15:30:00,23.04.20 16:35:00,B,B,0
543,5555056271,SVO,1,SU1759,SU1010,23.04.20 14:50:00,23.04.20 16:35:00,B,B,0
544,5555056409,SVO,0,,SU1010,,23.04.20 16:35:00,,B,0
545,7555512223,SVO,1,SU1175,SU1730,22.04.20 20:30:00,23.04.20 16:45:00,B,B,0
546,7555512338,SVO,1,SU1003,SU1730,23.04.20 15:15:00,23.04.20 16:45:00,B,B,0
547,7555512333,SVO,1,SU1003,SU1730,23.04.20 15:15:00,23.04.20 16:45:00,B,B,0
548,7555512313,SVO,1,SU13,SU1730,23.04.20 13:25:00,23.04.20 16:45:00,B,B,0
549,7555512348,SVO,0,,SU1730,,23.04.20 16:45:00,,B,0
550,7555512325,SVO,0,,SU1730,,23.04.20 16:45:00,,B,0
551,7555512331,SVO,1,SU1003,SU1730,23.04.20 15:15:00,23.04.20 16:45:00,B,B,0
552,7555512399,SVO,0,,SU1730,,23.04.20 16:45:00,,B,0
553,7555512298,SVO,1,SU13,SU1730,23.04.20 13:25:00,23.04.20 16:45:00,B,B,0
554,7555512229,SVO,1,SU1059,SU1730,22.04.20 21:40:00,23.04.20 16:45:00,B,B,0
555,7555512350,SVO,1,SU1003,SU1730,23.04.20 15:15:00,23.04.20 16:45:00,B,B,0
556,7555512293,SVO,1,SU1321,SU1730,23.04.20 12:55:00,23.04.20 16:45:00,B,B,0
557,7555512376,SVO,0,,SU1730,,23.04.20 16:45:00,,B,0
558,7555512397,SVO,0,,SU1730,,23.04.20 16:45:00,,B,0
559,7555512301,SVO,1,SU13,SU1730,23.04.20 13:25:00,23.04.20 16:45:00,B,B,0
560,7555512305,SVO,1,SU13,SU1730,23.04.20 13:25:00,23.04.20 16:45:00,B,B,0
561,7555512314,SVO,0,,SU1730,,23.04.20 16:45:00,,B,0
562,7555512201,SVO,1,SU1311,SU1730,22.04.20 19:15:00,23.04.20 16:45:00,B,B,0
563,7555512319,SVO,1,SU1759,SU1730,23.04.20 14:50:00,23.04.20 16:45:00,B,B,0
564,7555512379,SVO,0,,SU1730,,23.04.20 16:45:00,,B,0
565,7555512403,SVO,0,,SU1730,,23.04.20 16:45:00,,B,0
566,7555512304,SVO,1,SU13,SU1730,23.04.20 13:25:00,23.04.20 16:45:00,B,B,0
567,7555512400,SVO,0,,SU1730,,23.04.20 16:45:00,,B,0
568,7555512310,SVO,1,SU13,SU1730,23.04.20 13:25:00,23.04.20 16:45:00,B,B,0
569,7555512384,SVO,0,,SU1730,,23.04.20 16:45:00,,B,0
570,7555512222,SVO,1,SU1143,SU1730,22.04.20 20:40:00,23.04.20 16:45:00,B,B,0
571,7555512381,SVO,0,,SU1730,,23.04.20 16:45:00,,B,0
572,7555512221,SVO,1,SU1143,SU1730,22.04.20 20:40:00,23.04.20 16:45:00,B,B,0
573,7555512309,SVO,1,SU13,SU1730,23.04.20 13:25:00,23.04.20 16:45:00,B,B,0
574,7555512404,SVO,1,SU1759,SU1730,23.04.20 14:44:12,23.04.20 16:45:00,B,B,0
575,7555512357,SVO,0,,SU1730,,23.04.20 16:45:00,,B,0
576,7555512378,SVO,1,SU1233,SU1730,23.04.20 19:40:00,23.04.20 16:45:00,B,B,0
577,7555512362,SVO,0,,SU1730,,23.04.20 16:45:00,,B,0
578,7555512312,SVO,1,SU13,SU1730,23.04.20 13:25:00,23.04.20 16:45:00,B,B,0
579,7555512218,SVO,1,SU1175,SU1730,22.04.20 20:30:00,23.04.20 16:45:00,B,B,0
580,7555512324,SVO,1,SU1759,SU1730,23.04.20 14:50:00,23.04.20 16:45:00,B,B,0
581,7555512295,SVO,1,SU1321,SU1730,23.04.20 12:55:00,23.04.20 16:45:00,B,B,0
582,7555512361,SVO,0,,SU1730,,23.04.20 16:45:00,,B,0
583,7555512343,SVO,1,SU1277,SU1730,23.04.20 15:10:00,23.04.20 16:45:00,B,B,0
584,7555512365,SVO,0,,SU1730,,23.04.20 16:45:00,,B,0
585,7555512396,SVO,0,,SU1730,,23.04.20 16:45:00,,B,0
586,7555512206,SVO,1,SU1311,SU1730,22.04.20 19:15:00,23.04.20 16:45:00,B,B,0
587,7555512377,SVO,0,,SU1730,,23.04.20 16:45:00,,B,0
588,7555512323,SVO,0,,SU1730,,23.04.20 16:45:00,,B,0
589,7555512373,SVO,0,,SU1730,,23.04.20 16:45:00,,B,0
590,7555512389,SVO,0,,SU1730,,23.04.20 16:45:00,,B,0
591,7555512380,SVO,0,,SU1730,,23.04.20 16:45:00,,B,0
592,7555512307,SVO,1,SU13,SU1730,23.04.20 13:25:00,23.04.20 16:45:00,B,B,0
593,7555512322,SVO,0,,SU1730,,23.04.20 16:45:00,,B,0
594,7555512349,SVO,0,,SU1730,,23.04.20 16:45:00,,B,0
595,7555512342,SVO,1,SU1003,SU1730,23.04.20 15:15:00,23.04.20 16:45:00,B,B,0
596,7555512346,SVO,1,SU1101,SU1730,23.04.20 15:25:00,23.04.20 16:45:00,B,B,0
597,7555512368,SVO,0,,SU1730,,23.04.20 16:45:00,,B,0
598,7555512337,SVO,1,SU1277,SU1730,23.04.20 15:10:00,23.04.20 16:45:00,B,B,0
599,7555512375,SVO,0,,SU1730,,23.04.20 16:45:00,,B,0
600,7555512300,SVO,1,SU13,SU1730,23.04.20 13:25:00,23.04.20 16:45:00,B,B,0
601,7555512297,SVO,1,SU13,SU1730,23.04.20 13:25:00,23.04.20 16:45:00,B,B,0
602,7555512372,SVO,0,,SU1730,,23.04.20 16:45:00,,B,0
603,7555512341,SVO,1,SU1003,SU1730,23.04.20 15:15:00,23.04.20 16:45:00,B,B,0
604,7555512367,SVO,0,,SU1730,,23.04.20 16:45:00,,B,0
605,7555512318,SVO,0,,SU1730,,23.04.20 16:45:00,,B,0
606,7555512211,SVO,1,SU1233,SU1730,22.04.20 19:40:00,23.04.20 16:45:00,B,B,0
607,7555512302,SVO,1,SU13,SU1730,23.04.20 13:25:00,23.04.20 16:45:00,B,B,0
608,7555512383,SVO,0,,SU1730,,23.04.20 16:45:00,,B,0
609,7555512208,SVO,1,SU1233,SU1730,22.04.20 19:40:00,23.04.20 16:45:00,B,B,0
610,7555512308,SVO,1,SU1621,SU1730,23.04.20 15:30:00,23.04.20 16:45:00,B,B,0
611,7555512231,SVO,1,SU1059,SU1730,22.04.20 21:40:00,23.04.20 16:45:00,B,B,0
612,7555512402,SVO,0,,SU1730,,23.04.20 16:45:00,,B,0
613,7555512401,SVO,0,,SU1730,,23.04.20 16:45:00,,B,0
614,7555512299,SVO,1,SU13,SU1730,23.04.20 13:25:00,23.04.20 16:45:00,B,B,0
615,7555512382,SVO,0,,SU1730,,23.04.20 16:45:00,,B,0
616,7555512329,SVO,1,SU1759,SU1730,23.04.20 14:50:00,23.04.20 16:45:00,B,B,0
617,7555512358,SVO,0,,SU1730,,23.04.20 16:45:00,,B,0
618,7555512235,SVO,0,,SU1730,,23.04.20 16:45:00,,B,0
619,7555512374,SVO,0,,SU1730,,23.04.20 16:45:00,,B,0
620,7555512328,SVO,0,,SU1730,,23.04.20 16:45:00,,B,0
621,7555512294,SVO,1,SU13,SU1730,23.04.20 13:25:00,23.04.20 16:45:00,B,B,0
622,7555512306,SVO,1,SU13,SU1730,23.04.20 13:25:00,23.04.20 16:45:00,B,B,0
623,7555512209,SVO,1,SU1311,SU1730,22.04.20 19:15:00,23.04.20 16:45:00,B,B,0
624,7555512335,SVO,1,SU1003,SU1730,23.04.20 15:15:00,23.04.20 16:45:00,B,B,0
625,7555512347,SVO,0,,SU1730,,23.04.20 16:45:00,,B,0
626,7555512340,SVO,1,SU1101,SU1730,23.04.20 15:25:00,23.04.20 16:45:00,B,B,0
627,7555512336,SVO,1,SU1003,SU1730,23.04.20 15:15:00,23.04.20 16:45:00,B,B,0
628,7555512398,SVO,0,,SU1730,,23.04.20 16:45:00,,B,0
629,7555512370,SVO,0,,SU1730,,23.04.20 16:45:00,,B,0
630,7555512257,SVO,0,,SU1730,,23.04.20 16:45:00,,B,0
631,7555512258,SVO,0,,SU1730,,23.04.20 16:45:00,,B,0
632,7555512228,SVO,1,SU1215,SU1730,22.04.20 20:25:00,23.04.20 16:45:00,B,B,0
633,7555512321,SVO,0,,SU1730,,23.04.20 16:45:00,,B,0
634,7555512339,SVO,1,SU1101,SU1730,23.04.20 15:25:00,23.04.20 16:45:00,B,B,0
635,7555512351,SVO,1,SU1759,SU1730,23.04.20 14:50:00,23.04.20 16:45:00,B,B,0
636,7555512326,SVO,0,,SU1730,,23.04.20 16:45:00,,B,0
637,7555512386,SVO,0,,SU1730,,23.04.20 16:45:00,,B,0
638,7555512356,SVO,1,SU1003,SU1730,23.04.20 15:15:00,23.04.20 16:45:00,B,B,0
639,7555512371,SVO,0,,SU1730,,23.04.20 16:45:00,,B,0
640,7555512303,SVO,1,SU13,SU1730,23.04.20 13:25:00,23.04.20 16:45:00,B,B,0
641,7555512344,SVO,1,SU1101,SU1730,23.04.20 15:25:00,23.04.20 16:45:00,B,B,0
642,7555512217,SVO,1,SU1175,SU1730,22.04.20 20:30:00,23.04.20 16:45:00,B,B,0
643,7555512345,SVO,0,,SU1730,,23.04.20 16:45:00,,B,0
644,7555512220,SVO,1,SU1175,SU1730,22.04.20 20:30:00,23.04.20 16:45:00,B,B,0
645,7555512316,SVO,0,,SU1730,,23.04.20 16:45:00,,B,0
646,7555512224,SVO,1,SU1175,SU1730,22.04.20 20:30:00,23.04.20 16:45:00,B,B,0
647,7555512366,SVO,0,,SU1730,,23.04.20 16:45:00,,B,0
648,7555512232,SVO,1,SU1059,SU1730,22.04.20 21:40:00,23.04.20 16:45:00,B,B,0
649,7555512363,SVO,0,,SU1730,,23.04.20 16:45:00,,B,0
650,7555512364,SVO,0,,SU1730,,23.04.20 16:45:00,,B,0
651,7555512369,SVO,0,,SU1730,,23.04.20 16:45:00,,B,0
652,7555512311,SVO,1,SU13,SU1730,23.04.20 13:25:00,23.04.20 16:45:00,B,B,0
653,7555512230,SVO,1,SU1059,SU1730,22.04.20 21:40:00,23.04.20 16:45:00,B,B,0
654,7555512238,SVO,0,,SU1730,,23.04.20 16:45:00,,B,0
655,7555512330,SVO,1,SU1003,SU1730,23.04.20 15:15:00,23.04.20 16:45:00,B,B,0
656,9555075652,SVO,0,,SU1742,,23.04.20 16:55:00,,B,0
657,9555075661,SVO,0,,SU1742,,23.04.20 16:55:00,,B,0
658,9555075612,SVO,1,SU13,SU1742,23.04.20 13:25:00,23.04.20 16:55:00,B,B,0
659,9555075624,SVO,1,SU1759,SU1742,23.04.20 14:50:00,23.04.20 16:55:00,B,B,0
660,9555075674,SVO,0,,SU1742,,23.04.20 16:55:00,,B,0
661,9555075600,SVO,1,SU1139,SU1742,23.04.20 13:50:00,23.04.20 16:55:00,B,B,0
662,9555075616,SVO,1,SU1101,SU1742,23.04.20 15:25:00,23.04.20 16:55:00,B,B,0
663,9555075646,SVO,0,,SU1742,,23.04.20 16:55:00,,B,0
664,9555075644,SVO,1,SU1277,SU1742,23.04.20 15:10:00,23.04.20 16:55:00,B,B,0
665,9555075623,SVO,1,SU1759,SU1742,23.04.20 14:50:00,23.04.20 16:55:00,B,B,0
666,9555075598,SVO,1,SU11,SU1742,23.04.20 12:00:00,23.04.20 16:55:00,B,B,0
667,9555075491,SVO,1,SU1175,SU1742,22.04.20 20:30:00,23.04.20 16:55:00,B,B,0
668,9555075625,SVO,1,SU1759,SU1742,23.04.20 14:50:00,23.04.20 16:55:00,B,B,0
669,9555075667,SVO,0,,SU1742,,23.04.20 16:55:00,,B,0
670,9555075632,SVO,1,SU1003,SU1742,23.04.20 15:15:00,23.04.20 16:55:00,B,B,0
671,9555075635,SVO,1,SU1003,SU1742,23.04.20 15:15:00,23.04.20 16:55:00,B,B,0
672,9555075671,SVO,0,,SU1742,,23.04.20 16:55:00,,B,0
673,9555075489,SVO,1,SU1175,SU1742,22.04.20 20:30:00,23.04.20 16:55:00,B,B,0
674,9555075602,SVO,0,,SU1742,,23.04.20 16:55:00,,B,0
675,9555075645,SVO,1,SU1277,SU1742,23.04.20 15:10:00,23.04.20 16:55:00,B,B,0
676,9555075650,SVO,0,,SU1742,,23.04.20 16:55:00,,B,0
677,9555075659,SVO,0,,SU1742,,23.04.20 16:55:00,,B,0
678,9555075658,SVO,0,,SU1742,,23.04.20 16:55:00,,B,0
679,9555075563,SVO,0,,SU1742,,23.04.20 16:55:00,,B,0
680,9555075672,SVO,0,,SU1742,,23.04.20 16:55:00,,B,0
681,9555075676,SVO,0,,SU1742,,23.04.20 16:55:00,,B,0
682,9555075504,SVO,1,SU1059,SU1742,22.04.20 21:40:00,23.04.20 16:55:00,B,B,0
683,9555075666,SVO,0,,SU1742,,23.04.20 16:55:00,,B,0
684,9555075615,SVO,1,SU13,SU1742,23.04.20 13:25:00,23.04.20 16:55:00,B,B,0
685,9555075613,SVO,1,SU13,SU1742,23.04.20 13:25:00,23.04.20 16:55:00,B,B,0
686,9555075651,SVO,0,,SU1742,,23.04.20 16:55:00,,B,0
687,9555075605,SVO,1,SU11,SU1742,23.04.20 12:00:00,23.04.20 16:55:00,B,B,0
688,9555075654,SVO,0,,SU1742,,23.04.20 16:55:00,,B,0
689,9555075490,SVO,1,SU1175,SU1742,22.04.20 20:30:00,23.04.20 16:55:00,B,B,0
690,9555075633,SVO,1,SU1003,SU1742,23.04.20 15:15:00,23.04.20 16:55:00,B,B,0
691,9555075503,SVO,1,SU1059,SU1742,22.04.20 21:40:00,23.04.20 16:55:00,B,B,0
692,9555075675,SVO,0,,SU1742,,23.04.20 16:55:00,,B,0
693,9555075634,SVO,1,SU1003,SU1742,23.04.20 15:15:00,23.04.20 16:55:00,B,B,0
694,9555075655,SVO,0,,SU1742,,23.04.20 16:55:00,,B,0
695,5555056390,SVO,0,,SU1710,,23.04.20 17:15:00,,B,0
696,5555056410,SVO,0,,SU1710,,23.04.20 17:15:00,,B,0
697,5555056325,SVO,0,,SU1710,,23.04.20 17:15:00,,B,0
698,5555056420,SVO,0,,SU1710,,23.04.20 17:15:00,,B,0
699,5555056331,SVO,0,,SU1710,,23.04.20 17:15:00,,B,0
700,5555056221,SVO,1,SU13,SU1710,23.04.20 13:25:00,23.04.20 17:15:00,B,B,0
701,5555055829,SVO,1,SU1143,SU1710,22.04.20 20:40:00,23.04.20 17:15:00,B,B,0
702,5555056423,SVO,0,,SU1710,,23.04.20 17:15:00,,B,0
703,5555056412,SVO,0,,SU1710,,23.04.20 17:15:00,,B,0
704,5555056415,SVO,0,,SU1710,,23.04.20 17:15:00,,B,0
705,5555056336,SVO,0,,SU1710,,23.04.20 17:15:00,,B,0
706,5555056380,SVO,0,,SU1710,,23.04.20 17:15:00,,B,0
707,5555056283,SVO,0,,SU1710,,23.04.20 17:15:00,,B,0
708,5555056278,SVO,1,SU1759,SU1710,23.04.20 14:50:00,23.04.20 17:15:00,B,B,0
709,5555056414,SVO,0,,SU1710,,23.04.20 17:15:00,,B,0
710,5555056291,SVO,1,SU1101,SU1710,23.04.20 15:25:00,23.04.20 17:15:00,B,B,0
711,5555056435,SVO,0,,SU1710,,23.04.20 17:15:00,,B,0
712,5555056134,SVO,1,SU1139,SU1710,23.04.20 13:50:00,23.04.20 17:15:00,B,B,0
713,5555056279,SVO,0,,SU1710,,23.04.20 17:15:00,,B,0
714,5555056430,SVO,0,,SU1710,,23.04.20 17:15:00,,B,0
715,5555056333,SVO,0,,SU1710,,23.04.20 17:15:00,,B,0
716,5555056234,SVO,1,SU1501,SU1710,23.04.20 15:15:00,23.04.20 17:15:00,B,B,0
717,5555056436,SVO,0,,SU1710,,23.04.20 17:15:00,,B,0
718,5555056177,SVO,0,,SU1710,,23.04.20 17:15:00,,B,0
719,5555056339,SVO,0,,SU1710,,23.04.20 17:15:00,,B,0
720,5555056419,SVO,0,,SU1710,,23.04.20 17:15:00,,B,0
721,5555056135,SVO,1,SU1139,SU1710,23.04.20 13:50:00,23.04.20 17:15:00,B,B,0
722,5555056261,SVO,1,SU1759,SU1710,23.04.20 14:50:00,23.04.20 17:15:00,B,B,0
723,5555056394,SVO,0,,SU1710,,23.04.20 17:15:00,,B,0
724,5555056324,SVO,0,,SU1710,,23.04.20 17:15:00,,B,0
725,5555056440,SVO,0,,SU1710,,23.04.20 17:15:00,,B,0
726,5555056433,SVO,0,,SU1710,,23.04.20 17:15:00,,B,0
727,5555056308,SVO,1,SU1759,SU1710,23.04.20 14:50:00,23.04.20 17:15:00,B,B,0
728,5555056178,SVO,0,,SU1710,,23.04.20 17:15:00,,B,0
729,5555056400,SVO,0,,SU1710,,23.04.20 17:15:00,,B,0
730,5555056421,SVO,0,,SU1710,,23.04.20 17:15:00,,B,0
731,5555056240,SVO,1,SU13,SU1710,23.04.20 13:25:00,23.04.20 17:15:00,B,B,0
732,5555056417,SVO,0,,SU1710,,23.04.20 17:15:00,,B,0
733,5555055814,SVO,1,SU1175,SU1710,22.04.20 20:30:00,23.04.20 17:15:00,B,B,0
734,5555056313,SVO,1,SU1003,SU1710,23.04.20 15:15:00,23.04.20 17:15:00,B,B,0
735,5555056302,SVO,1,SU1101,SU1710,23.04.20 15:25:00,23.04.20 17:15:00,B,B,0
736,5555056235,SVO,1,SU13,SU1710,23.04.20 13:25:00,23.04.20 17:15:00,B,B,0
737,5555056298,SVO,0,,SU1710,,23.04.20 17:15:00,,B,0
738,5555056319,SVO,1,SU1277,SU1710,23.04.20 15:10:00,23.04.20 17:15:00,B,B,0
739,5555056446,SVO,0,,SU1710,,23.04.20 17:15:00,,B,0
740,5555056247,SVO,1,SU13,SU1710,23.04.20 13:25:00,23.04.20 17:15:00,B,B,0
741,5555056363,SVO,0,,SU1710,,23.04.20 17:15:00,,B,0
742,5555056404,SVO,0,,SU1710,,23.04.20 17:15:00,,B,0
743,5555056368,SVO,0,,SU1710,,23.04.20 17:15:00,,B,0
744,5555056411,SVO,0,,SU1710,,23.04.20 17:15:00,,B,0
745,5555056387,SVO,0,,SU1710,,23.04.20 17:15:00,,B,0
746,5555056306,SVO,1,SU1101,SU1710,23.04.20 15:25:00,23.04.20 17:15:00,B,B,0
747,5555056260,SVO,1,SU1101,SU1710,23.04.20 15:25:00,23.04.20 17:15:00,B,B,0
748,5555056274,SVO,1,SU1101,SU1710,23.04.20 15:25:00,23.04.20 17:15:00,B,B,0
749,5555056179,SVO,0,,SU1710,,23.04.20 17:15:00,,B,0
750,5555056389,SVO,0,,SU1710,,23.04.20 17:15:00,,B,0
751,5555056323,SVO,0,,SU1710,,23.04.20 17:15:00,,B,0
752,5555056385,SVO,0,,SU1710,,23.04.20 17:15:00,,B,0
753,5555056248,SVO,1,SU13,SU1710,23.04.20 13:25:00,23.04.20 17:15:00,B,B,0
754,5555055831,SVO,1,SU1143,SU1710,22.04.20 20:40:00,23.04.20 17:15:00,B,B,0
755,5555056365,SVO,0,,SU1710,,23.04.20 17:15:00,,B,0
756,5555056196,SVO,1,SU1139,SU1710,23.04.20 13:50:00,23.04.20 17:15:00,B,B,0
757,5555056326,SVO,0,,SU1710,,23.04.20 17:15:00,,B,0
758,5555056299,SVO,1,SU1003,SU1710,23.04.20 15:15:00,23.04.20 17:15:00,B,B,0
759,5555056442,SVO,0,,SU1710,,23.04.20 17:15:00,,B,0
760,5555056242,SVO,1,SU13,SU1710,23.04.20 13:25:00,23.04.20 17:15:00,B,B,0
761,5555056396,SVO,0,,SU1710,,23.04.20 17:15:00,,B,0
762,5555056445,SVO,0,,SU1710,,23.04.20 17:15:00,,B,0
763,5555056360,SVO,0,,SU1710,,23.04.20 17:15:00,,B,0
764,5555056379,SVO,0,,SU1710,,23.04.20 17:15:00,,B,0
765,5555056428,SVO,0,,SU1710,,23.04.20 17:15:00,,B,0
766,5555056340,SVO,0,,SU1710,,23.04.20 17:15:00,,B,0
767,5555056416,SVO,0,,SU1710,,23.04.20 17:15:00,,B,0
768,5555056305,SVO,1,SU1101,SU1710,23.04.20 15:25:00,23.04.20 17:15:00,B,B,0
769,5555056267,SVO,1,SU1759,SU1710,23.04.20 14:50:00,23.04.20 17:15:00,B,B,0
770,5555056337,SVO,0,,SU1710,,23.04.20 17:15:00,,B,0
771,5555056342,SVO,0,,SU1710,,23.04.20 17:15:00,,B,0
772,5555056434,SVO,0,,SU1710,,23.04.20 17:15:00,,B,0
773,5555056438,SVO,0,,SU1710,,23.04.20 17:15:00,,B,0
774,5555056284,SVO,0,,SU1710,,23.04.20 17:15:00,,B,0
775,5555056406,SVO,0,,SU1710,,23.04.20 17:15:00,,B,0
776,5555056350,SVO,0,,SU1710,,23.04.20 17:15:00,,B,0
777,5555056318,SVO,0,,SU1710,,23.04.20 17:15:00,,B,0
778,5555056366,SVO,0,,SU1710,,23.04.20 17:15:00,,B,0
779,5555056282,SVO,0,,SU1710,,23.04.20 17:15:00,,B,0
780,5555056314,SVO,1,SU1003,SU1710,23.04.20 15:15:00,23.04.20 17:15:00,B,B,0
781,5555056357,SVO,0,,SU1710,,23.04.20 17:15:00,,B,0
782,5555056405,SVO,0,,SU1710,,23.04.20 17:15:00,,B,0
783,5555056425,SVO,0,,SU1710,,23.04.20 17:15:00,,B,0
784,5555056310,SVO,1,SU1003,SU1710,23.04.20 15:15:00,23.04.20 17:15:00,B,B,0
785,5555056133,SVO,1,SU1139,SU1710,23.04.20 13:50:00,23.04.20 17:15:00,B,B,0
786,5555056296,SVO,1,SU1759,SU1710,23.04.20 14:50:00,23.04.20 17:15:00,B,B,0
787,5555056431,SVO,0,,SU1710,,23.04.20 17:15:00,,B,0
788,5555056317,SVO,0,,SU1710,,23.04.20 17:15:00,,B,0
789,5555056341,SVO,0,,SU1710,,23.04.20 17:15:00,,B,0
790,5555056361,SVO,0,,SU1710,,23.04.20 17:15:00,,B,0
791,5555056309,SVO,1,SU1277,SU1710,23.04.20 15:10:00,23.04.20 17:15:00,B,B,0
792,5555056362,SVO,0,,SU1710,,23.04.20 17:15:00,,B,0
793,5555056426,SVO,0,,SU1710,,23.04.20 17:15:00,,B,0
794,5555056367,SVO,0,,SU1710,,23.04.20 17:15:00,,B,0
795,8555245721,SVO,0,,SU1658,,23.04.20 17:30:00,,B,0
796,8555245707,SVO,0,,SU1658,,23.04.20 17:30:00,,B,0
797,8555245218,SVO,1,SU1703,SU1658,23.04.20 15:50:00,23.04.20 17:30:00,B,B,0
798,8555245640,SVO,0,,SU1658,,23.04.20 17:30:00,,B,0
799,8555245699,SVO,0,,SU1658,,23.04.20 17:30:00,,B,0
800,8555245731,SVO,0,,SU1658,,23.04.20 17:30:00,,B,0
801,8555245663,SVO,0,,SU1658,,23.04.20 17:30:00,,B,0
802,8555245216,SVO,1,SU1703,SU1658,23.04.20 15:50:00,23.04.20 17:30:00,B,B,0
803,8555245047,SVO,1,SU1711,SU1658,23.04.20 10:35:00,23.04.20 17:30:00,B,B,0
804,8555245688,SVO,0,,SU1658,,23.04.20 17:30:00,,B,0
805,8555245697,SVO,0,,SU1658,,23.04.20 17:30:00,,B,0
806,8555245635,SVO,0,,SU1658,,23.04.20 17:30:00,,B,0
807,8555245447,SVO,0,,SU1658,,23.04.20 17:30:00,,B,0
808,8555245355,SVO,1,SU1321,SU1658,23.04.20 12:55:00,23.04.20 17:30:00,B,B,0
809,8555245734,SVO,0,,SU1658,,23.04.20 17:30:00,,B,0
810,8555245485,SVO,1,SU1003,SU1658,23.04.20 15:15:00,23.04.20 17:30:00,B,B,0
811,8555245645,SVO,0,,SU1658,,23.04.20 17:30:00,,B,0
812,8555245574,SVO,1,SU1003,SU1658,23.04.20 15:15:00,23.04.20 17:30:00,B,B,0
813,8555245656,SVO,0,,SU1658,,23.04.20 17:30:00,,B,0
814,8555245458,SVO,1,SU1277,SU1658,23.04.20 15:10:00,23.04.20 17:30:00,B,B,0
815,8555245639,SVO,0,,SU1658,,23.04.20 17:30:00,,B,0
816,8555245210,SVO,1,SU1703,SU1658,23.04.20 15:50:00,23.04.20 17:30:00,B,B,0
817,8555245219,SVO,1,SU1703,SU1658,23.04.20 15:50:00,23.04.20 17:30:00,B,B,0
818,8555245598,SVO,1,SU1003,SU1658,23.04.20 15:15:00,23.04.20 17:30:00,B,B,0
819,8555245692,SVO,0,,SU1658,,23.04.20 17:30:00,,B,0
820,8555245445,SVO,0,,SU1658,,23.04.20 17:30:00,,B,0
821,8555245660,SVO,0,,SU1658,,23.04.20 17:30:00,,B,0
822,8555245673,SVO,0,,SU1658,,23.04.20 17:30:00,,B,0
823,8555245199,SVO,1,SU1703,SU1658,23.04.20 15:50:00,23.04.20 17:30:00,B,B,0
824,8555245623,SVO,0,,SU1658,,23.04.20 17:30:00,,B,0
825,8555245702,SVO,0,,SU1658,,23.04.20 17:30:00,,B,0
826,8555245736,SVO,0,,SU1658,,23.04.20 17:30:00,,B,0
827,8555245714,SVO,0,,SU1658,,23.04.20 17:30:00,,B,0
828,8555245446,SVO,0,,SU1658,,23.04.20 17:30:00,,B,0
829,8555245605,SVO,0,,SU1658,,23.04.20 17:30:00,,B,0
830,4555124345,SVO,1,SU1205,FV6289,23.04.20 18:30:00,23.04.20 19:55:00,B,B,0
831,4555124367,SVO,0,,FV6289,,23.04.20 19:55:00,,B,0
832,4555124340,SVO,0,,FV6289,,23.04.20 19:55:00,,B,0
833,4555124383,SVO,0,,FV6289,,23.04.20 19:55:00,,B,0
834,4555124336,SVO,1,SU1003,FV6289,23.04.20 15:15:00,23.04.20 19:55:00,B,B,0
835,4555124369,SVO,0,,FV6289,,23.04.20 19:55:00,,B,0
836,4555124349,SVO,0,,FV6289,,23.04.20 19:55:00,,B,0
837,4555124363,SVO,0,,FV6289,,23.04.20 19:55:00,,B,0
838,4555124384,SVO,0,,FV6289,,23.04.20 19:55:00,,B,0
839,4555124337,SVO,1,SU1621,FV6289,23.04.20 15:30:00,23.04.20 19:55:00,B,B,0
840,4555124377,SVO,0,,FV6289,,23.04.20 19:55:00,,B,0
841,4555124335,SVO,1,SU1003,FV6289,23.04.20 15:15:00,23.04.20 19:55:00,B,B,0
842,4555124385,SVO,0,,FV6289,,23.04.20 19:55:00,,B,0
843,4555124379,SVO,0,,FV6289,,23.04.20 19:55:00,,B,0
844,4555124388,SVO,0,,FV6289,,23.04.20 19:55:00,,B,0
845,4555124365,SVO,0,,FV6289,,23.04.20 19:55:00,,B,0
846,4555124341,SVO,0,,FV6289,,23.04.20 19:55:00,,B,0
847,4555124326,SVO,1,SU13,FV6289,23.04.20 13:25:00,23.04.20 19:55:00,B,B,0
848,4555124391,SVO,0,,FV6289,,23.04.20 19:55:00,,B,0
849,4555124380,SVO,0,,FV6289,,23.04.20 19:55:00,,B,0
850,4555124351,SVO,0,,FV6289,,23.04.20 19:55:00,,B,0
851,4555124332,SVO,1,SU1003,FV6289,23.04.20 15:15:00,23.04.20 19:55:00,B,B,0
852,4555124389,SVO,0,,FV6289,,23.04.20 19:55:00,,B,0
853,4555124360,SVO,0,,FV6289,,23.04.20 19:55:00,,B,0
854,4555124324,SVO,1,SU1139,FV6289,23.04.20 13:50:00,23.04.20 19:55:00,B,B,0
855,4555124352,SVO,0,,FV6289,,23.04.20 19:55:00,,B,0
856,4555124342,SVO,0,,FV6289,,23.04.20 19:55:00,,B,0
857,4555124394,SVO,0,,FV6289,,23.04.20 19:55:00,,B,0
858,4555124348,SVO,0,,FV6289,,23.04.20 19:55:00,,B,0
859,4555124359,SVO,0,,FV6289,,23.04.20 19:55:00,,B,0
860,4555124366,SVO,0,,FV6289,,23.04.20 19:55:00,,B,0
861,4555124368,SVO,0,,FV6289,,23.04.20 19:55:00,,B,0
862,4555124353,SVO,0,,FV6289,,23.04.20 19:55:00,,B,0
863,4555124354,SVO,0,,FV6289,,23.04.20 19:55:00,,B,0
864,4555124364,SVO,0,,FV6289,,23.04.20 19:55:00,,B,0
865,4555124350,SVO,0,,FV6289,,23.04.20 19:55:00,,B,0
866,4555124398,SVO,0,,FV6289,,23.04.20 19:55:00,,B,0
867,4555124358,SVO,0,,FV6289,,23.04.20 19:55:00,,B,0
868,4555124382,SVO,0,,FV6289,,23.04.20 19:55:00,,B,0
869,4555124386,SVO,0,,FV6289,,23.04.20 19:55:00,,B,0
870,4555124328,SVO,0,,FV6289,,23.04.20 19:55:00,,B,0
871,4555124361,SVO,0,,FV6289,,23.04.20 19:55:00,,B,0
872,4555124370,SVO,1,SU1621,FV6289,24.04.20 15:30:00,23.04.20 19:55:00,B,B,0
873,4555124396,SVO,0,,FV6289,,23.04.20 19:55:00,,B,0
874,4555124376,SVO,0,,FV6289,,23.04.20 19:55:00,,B,0
875,4555124390,SVO,0,,FV6289,,23.04.20 19:55:00,,B,0
876,4555124397,SVO,0,,FV6289,,23.04.20 19:55:00,,B,0
877,4555124395,SVO,0,,FV6289,,23.04.20 19:55:00,,B,0
878,4555124355,SVO,0,,FV6289,,23.04.20 19:55:00,,B,0
879,4555124378,SVO,0,,FV6289,,23.04.20 19:55:00,,B,0
880,4555124344,SVO,0,,FV6289,,23.04.20 19:55:00,,B,0
881,4555124331,SVO,1,SU1759,FV6289,23.04.20 14:50:00,23.04.20 19:55:00,B,B,0
882,4555124347,SVO,0,,FV6289,,23.04.20 19:55:00,,B,0
883,4555124393,SVO,0,,FV6289,,23.04.20 19:55:00,,B,0
884,4555124392,SVO,0,,FV6289,,23.04.20 19:55:00,,B,0
885,4555124334,SVO,1,SU1003,FV6289,23.04.20 15:15:00,23.04.20 19:55:00,B,B,0
886,4555124362,SVO,0,,FV6289,,23.04.20 19:55:00,,B,0
887,4555124329,SVO,0,,FV6289,,23.04.20 19:55:00,,B,0
888,4555124322,SVO,0,,FV6289,,23.04.20 19:55:00,,B,0
889,4555124333,SVO,1,SU1101,FV6289,23.04.20 15:25:00,23.04.20 19:55:00,B,B,0
890,4555124372,SVO,0,,FV6289,,23.04.20 19:55:00,,B,0
891,4555124381,SVO,0,,FV6289,,23.04.20 19:55:00,,B,0
892,4555124375,SVO,0,,FV6289,,23.04.20 19:55:00,,B,0
893,4555124371,SVO,0,,FV6289,,23.04.20 19:55:00,,B,0
894,4555124343,SVO,0,,FV6289,,23.04.20 19:55:00,,B,0
895,4555124357,SVO,0,,FV6289,,23.04.20 19:55:00,,B,0
896,4555124338,SVO,0,,FV6289,,23.04.20 19:55:00,,B,0
897,4555124330,SVO,1,SU1759,FV6289,23.04.20 14:50:00,23.04.20 19:55:00,B,B,0
898,4555124373,SVO,0,,FV6289,,23.04.20 19:55:00,,B,0
899,4555124356,SVO,0,,FV6289,,23.04.20 19:55:00,,B,0
900,4555124374,SVO,0,,FV6289,,23.04.20 19:55:00,,B,0
901,4555124346,SVO,0,,FV6289,,23.04.20 19:55:00,,B,0
902,4555124387,SVO,0,,FV6289,,23.04.20 19:55:00,,B,0
903,5555056277,SVO,1,SU1759,SU30,23.04.20 14:50:00,23.04.20 20:30:00,B,B,0
904,6555335343,SVO,0,,SU30,,23.04.20 20:30:00,,B,0
905,5555056463,SVO,0,,SU30,,23.04.20 20:30:00,,B,0
906,5555056263,SVO,1,SU1759,SU30,23.04.20 14:50:00,23.04.20 20:30:00,B,B,0
907,5555056459,SVO,0,,SU30,,23.04.20 20:30:00,,B,0
908,5555056474,SVO,0,,SU30,,23.04.20 20:30:00,,B,0
909,5555056251,SVO,1,SU1501,SU30,23.04.20 15:15:00,23.04.20 20:30:00,B,B,0
910,5555056460,SVO,0,,SU30,,23.04.20 20:30:00,,B,0
911,5555056478,SVO,0,,SU30,,23.04.20 20:30:00,,B,0
912,5555056462,SVO,0,,SU30,,23.04.20 20:30:00,,B,0
913,5555056276,SVO,1,SU1759,SU30,23.04.20 14:50:00,23.04.20 20:30:00,B,B,0
914,5555056292,SVO,1,SU1759,SU30,23.04.20 14:50:00,23.04.20 20:30:00,B,B,0
915,5555056424,SVO,0,,SU30,,23.04.20 20:30:00,,B,0
916,5555056040,SVO,1,SU1703,SU30,23.04.20 15:50:00,23.04.20 20:30:00,B,B,0
917,9555075702,SVO,0,,SU1702,,23.04.20 20:35:00,,B,0
918,9555075696,SVO,0,,SU1702,,23.04.20 20:35:00,,B,0
919,9555075700,SVO,0,,SU1702,,23.04.20 20:35:00,,B,0
920,9555075492,SVO,1,SU1143,SU1702,22.04.20 20:40:00,23.04.20 20:35:00,B,B,0
921,2555655777,SVO,0,,SU1702,,23.04.20 20:35:00,,B,0
922,9555075665,SVO,0,,SU1702,,23.04.20 20:35:00,,B,0
923,9555075685,SVO,0,,SU1702,,23.04.20 20:35:00,,B,0
924,9555075684,SVO,0,,SU1702,,23.04.20 20:35:00,,B,0
925,9555075711,SVO,0,,SU1702,,23.04.20 20:35:00,,B,0
926,9555075636,SVO,0,,SU1702,,23.04.20 20:35:00,,B,0
927,9555075499,SVO,1,SU1143,SU1702,22.04.20 20:40:00,23.04.20 20:35:00,B,B,0
928,9555075695,SVO,0,,SU1702,,23.04.20 20:35:00,,B,0
929,9555075693,SVO,0,,SU1702,,23.04.20 20:35:00,,B,0
930,9555075713,SVO,0,,SU1702,,23.04.20 20:35:00,,B,0
931,9555075678,SVO,0,,SU1702,,23.04.20 20:35:00,,B,0
932,9555075704,SVO,0,,SU1702,,23.04.20 20:35:00,,B,0
933,9555075669,SVO,1,SU1311,SU1702,23.04.20 19:15:00,23.04.20 20:35:00,B,B,0
934,9555075660,SVO,0,,SU1702,,23.04.20 20:35:00,,B,0
935,9555075701,SVO,0,,SU1702,,23.04.20 20:35:00,,B,0
936,9555075574,SVO,1,SU1407,SU1702,23.04.20 07:30:00,23.04.20 20:35:00,B,B,0
937,9555075493,SVO,1,SU1143,SU1702,22.04.20 20:40:00,23.04.20 20:35:00,B,B,0
938,9555075673,SVO,1,SU23,SU1702,23.04.20 19:00:00,23.04.20 20:35:00,B,B,0
939,9555075709,SVO,0,,SU1702,,23.04.20 20:35:00,,B,0
940,9555075614,SVO,1,SU13,SU1702,23.04.20 13:25:00,23.04.20 20:35:00,B,B,0
941,9555075697,SVO,0,,SU1702,,23.04.20 20:35:00,,B,0
942,9555075495,SVO,1,SU1143,SU1702,22.04.20 20:40:00,23.04.20 20:35:00,B,B,0
943,9555075629,SVO,1,SU1003,SU1702,23.04.20 15:15:00,23.04.20 20:35:00,B,B,0
944,9555075706,SVO,0,,SU1702,,23.04.20 20:35:00,,B,0
945,9555075593,SVO,0,,SU1702,,23.04.20 20:35:00,,B,0
946,9555075714,SVO,0,,SU1702,,23.04.20 20:35:00,,B,0
947,9555075494,SVO,1,SU1143,SU1702,22.04.20 20:40:00,23.04.20 20:35:00,B,B,0
948,9555075694,SVO,0,,SU1702,,23.04.20 20:35:00,,B,0
949,9555075681,SVO,0,,SU1702,,23.04.20 20:35:00,,B,0
950,9555075707,SVO,0,,SU1702,,23.04.20 20:35:00,,B,0
951,9555075689,SVO,0,,SU1702,,23.04.20 20:35:00,,B,0
952,9555075708,SVO,0,,SU1702,,23.04.20 20:35:00,,B,0
953,9555075677,SVO,0,,SU1702,,23.04.20 20:35:00,,B,0
954,9555075668,SVO,1,SU23,SU1702,23.04.20 19:00:00,23.04.20 20:35:00,B,B,0
955,9555075617,SVO,1,SU1101,SU1702,23.04.20 15:25:00,23.04.20 20:35:00,B,B,0
956,9555075703,SVO,0,,SU1702,,23.04.20 20:35:00,,B,0
957,9555075712,SVO,0,,SU1702,,23.04.20 20:35:00,,B,0
958,9555075662,SVO,0,,SU1702,,23.04.20 20:35:00,,B,0
959,9555075663,SVO,0,,SU1702,,23.04.20 20:35:00,,B,0
960,9555075699,SVO,0,,SU1702,,23.04.20 20:35:00,,B,0
961,9555075710,SVO,0,,SU1702,,23.04.20 20:35:00,,B,0
962,9555075680,SVO,0,,SU1702,,23.04.20 20:35:00,,B,0
963,9555075705,SVO,0,,SU1702,,23.04.20 20:35:00,,B,0
964,9555075698,SVO,0,,SU1702,,23.04.20 20:35:00,,B,0
965,9555075664,SVO,0,,SU1702,,23.04.20 20:35:00,,B,0
966,9555075692,SVO,0,,SU1702,,23.04.20 20:35:00,,B,0
967,9555075715,SVO,0,,SU1702,,23.04.20 20:35:00,,B,0
968,9555075690,SVO,0,,SU1702,,23.04.20 20:35:00,,B,0
969,9555075619,SVO,1,SU1101,SU1702,23.04.20 15:25:00,23.04.20 20:35:00,B,B,0
970,9555075716,SVO,0,,SU1702,,23.04.20 20:35:00,,B,0
971,9555075618,SVO,1,SU1101,SU1702,23.04.20 15:25:00,23.04.20 20:35:00,B,B,0
972,9555075679,SVO,0,,SU1702,,23.04.20 20:35:00,,B,0
973,8555245818,SVO,0,,SU1406,,23.04.20 21:30:00,,B,0
974,8555245796,SVO,0,,SU1406,,23.04.20 21:30:00,,B,0
975,8555245329,SVO,1,SU1321,SU1406,23.04.20 12:55:00,23.04.20 21:30:00,B,B,0
976,8555245817,SVO,0,,SU1406,,23.04.20 21:30:00,,B,0
977,8555245816,SVO,0,,SU1406,,23.04.20 21:30:00,,B,0
978,8555245558,SVO,1,SU1101,SU1406,23.04.20 15:25:00,23.04.20 21:30:00,B,B,0
979,8555245801,SVO,0,,SU1406,,23.04.20 21:30:00,,B,0
980,8555245797,SVO,0,,SU1406,,23.04.20 21:30:00,,B,0
981,8555245819,SVO,0,,SU1406,,23.04.20 21:30:00,,B,0
982,8555245752,SVO,1,SU23,SU1406,23.04.20 19:00:00,23.04.20 21:30:00,B,B,0
983,8555245331,SVO,1,SU1321,SU1406,23.04.20 12:55:00,23.04.20 21:30:00,B,B,0
984,8555245762,SVO,0,,SU1406,,23.04.20 21:30:00,,B,0
985,8555245330,SVO,1,SU1321,SU1406,23.04.20 12:55:00,23.04.20 21:30:00,B,B,0
986,8555245700,SVO,0,,SU1406,,23.04.20 21:30:00,,B,0
987,6555335348,SVO,0,,SU1646,,23.04.20 22:50:00,,B,0
988,6555335350,SVO,0,,SU1646,,23.04.20 22:50:00,,B,0
989,6555335327,SVO,1,SU23,SU1646,23.04.20 19:00:00,23.04.20 22:50:00,B,B,0
990,6555335324,SVO,1,SU1311,SU1646,23.04.20 19:15:00,23.04.20 22:50:00,B,B,0
991,6555335349,SVO,0,,SU1646,,23.04.20 22:50:00,,B,0
992,6555335351,SVO,0,,SU1646,,23.04.20 22:50:00,,B,0
993,6555335341,SVO,1,SU1227,SU1646,23.04.20 20:00:00,23.04.20 22:50:00,B,B,0
994,6555335331,SVO,1,SU1233,SU1646,23.04.20 19:40:00,23.04.20 22:50:00,B,B,0
995,6555335338,SVO,1,SU23,SU1646,23.04.20 19:00:00,23.04.20 22:50:00,B,B,0
996,6555335353,SVO,0,,SU1646,,23.04.20 22:50:00,,B,0
997,6555335316,SVO,1,SU1311,SU1646,23.04.20 19:15:00,23.04.20 22:50:00,B,B,0
998,6555335342,SVO,0,,SU1646,,23.04.20 22:50:00,,B,0
999,6555335323,SVO,1,SU1311,SU1646,23.04.20 19:15:00,23.04.20 22:50:00,B,B,0
1000,6555335337,SVO,1,SU23,SU1646,23.04.20 19:00:00,23.04.20 22:50:00,B,B,0
1001,6555335352,SVO,0,,SU1646,,23.04.20 22:50:00,,B,0
1002,6555335339,SVO,1,SU23,SU1646,23.04.20 19:00:00,23.04.20 22:50:00,B,B,0
